id,username,email,provider,password,resetPasswordToken,confirmationToken,confirmed,blocked,role,birthdate,sex,name,nickname,userType,merchantApproved,merchantApprovedBy,merchantApprovedAt,merchantRejectedReason,created_by,updated_by,created_at,updated_at
145,vinicius.cavalcanti.mendes935,vinicius.cavalcanti.mendes935@outlook.com,local,$2a$10$MM7Y35LIwx94F5A.Knz9LuOo/j.cKwiRB12AATl8elcH9cXHFxihi,,,t,f,1,1996-04-16,Male,Vinicius Cavalcanti Mendes,vinicius4136,pilgrim,,,,,1,1,2024-12-03 12:50:22-03,2024-12-03 06:04:47-03
177,gustavo.ribeiro.cardoso369,gustavo.ribeiro.cardoso369@outlook.com,local,$2a$10$MM7Y35LIwx94F5A.Knz9LuOo/j.cKwiRB12AATl8elcH9cXHFxihi,,,t,f,1,1970-11-26,Male,Gustavo Ribeiro Cardoso,gustavo2454,pilgrim,,,,,1,1,2024-11-11 11:05:18-03,2025-01-30 15:04:59-03
144,cesar.mendes.pereira811,cesar.mendes.pereira811@gmail.com,local,$2a$10$MM7Y35LIwx94F5A.Knz9LuOo/j.cKwiRB12AATl8elcH9cXHFxihi,,,t,f,1,2007-06-21,Male,Cesar Mendes Pereira,cesar9211,pilgrim,,,,,1,1,2025-06-06 14:17:16-03,2025-06-23 07:47:23-03
147,pedro.pereira.rocha777,pedro.pereira.rocha777@gmail.com,local,$2a$10$MM7Y35LIwx94F5A.Knz9LuOo/j.cKwiRB12AATl8elcH9cXHFxihi,,,t,f,1,1986-04-13,Male,Pedro Pereira Rocha,pedro8065,pilgrim,,,,,1,1,2025-01-27 03:58:08-03,2025-01-27 06:29:34-03
18,marcos.alves.almeida793,marcos.alves.almeida793@gmail.com,local,$2a$10$MM7Y35LIwx94F5A.Knz9LuOo/j.cKwiRB12AATl8elcH9cXHFxihi,,,t,f,1,1940-06-02,Male,Marcos Alves Almeida,marcos,pilgrim,,,,,1,1,2025-06-20 12:59:19-03,2025-06-25 13:24:48-03
27,luiz.fernandes.gomes913,luiz.fernandes.gomes913@outlook.com,local,$2a$10$MM7Y35LIwx94F5A.Knz9LuOo/j.cKwiRB12AATl8elcH9cXHFxihi,,,t,f,1,1999-05-25,Male,Luiz Fernandes Gomes,luiz,pilgrim,,,,,1,1,2024-11-15 12:08:13-03,2024-11-15 12:23:56-03
154,priscila.ribeiro.monteiro575,priscila.ribeiro.monteiro575@hotmail.com,local,$2a$10$MM7Y35LIwx94F5A.Knz9LuOo/j.cKwiRB12AATl8elcH9cXHFxihi,,,t,f,1,1986-02-22,Female,Priscila Ribeiro Monteiro,priscila2051,pilgrim,,,,,1,1,2024-12-22 12:34:52-03,2024-12-22 12:51:30-03
157,rafael.barbosa.silva820,rafael.barbosa.silva820@yahoo.com.br,local,$2a$10$MM7Y35LIwx94F5A.Knz9LuOo/j.cKwiRB12AATl8elcH9cXHFxihi,,,t,f,1,1933-08-22,Male,Rafael Barbosa Silva,rafael4556,pilgrim,,,,,1,1,2024-12-22 13:16:26-03,2024-12-22 15:16:42-03
185,andre.ferreira.pinto122,andre.ferreira.pinto122@email.com,local,$2a$10$MM7Y35LIwx94F5A.Knz9LuOo/j.cKwiRB12AATl8elcH9cXHFxihi,,,t,f,1,1983-07-20,Male,André Ferreira Pinto,andre718,pilgrim,,,,,1,1,2025-01-14 07:21:29-03,2025-03-21 10:19:30-03
213,comerciante2@cora.com,comerciante2@cora.com,local,$2a$10$sVH2VCiybjguJKiKsrFaJOdeXrXjlfnQsx8cbrvN5BNT.oy616xtm,,,t,f,1,2001-01-13,Female,Comerciante Teste 02,ComercianteTeste02,merchant,t,211,2026-01-23 18:32:08-03,,1,1,2025-11-27 17:16:36-03,2026-01-24 09:24:27-03
55,simone.almeida.souza202,simone.almeida.souza202@hotmail.com,local,$2a$10$MM7Y35LIwx94F5A.Knz9LuOo/j.cKwiRB12AATl8elcH9cXHFxihi,,,t,f,1,2002-06-28,Female,Simone Almeida Souza,simone,pilgrim,,,,,1,1,2024-11-23 09:05:21-03,2024-11-23 07:13:36-03
146,aline.pereira.santos442,aline.pereira.santos442@gmail.com,local,$2a$10$MM7Y35LIwx94F5A.Knz9LuOo/j.cKwiRB12AATl8elcH9cXHFxihi,,,t,f,1,1985-06-17,Female,Aline Pereira Santos,aline6911,pilgrim,,,,,1,1,2025-04-02 11:24:01-03,2025-04-14 07:13:43-03
130,eduardo.cavalcanti.lima471,eduardo.cavalcanti.lima471@email.com,local,$2a$10$MM7Y35LIwx94F5A.Knz9LuOo/j.cKwiRB12AATl8elcH9cXHFxihi,,,t,f,1,2002-06-27,Male,Eduardo Cavalcanti Lima,eduardo6516,pilgrim,,,,,1,1,2025-12-03 07:26:10-03,2025-12-04 09:20:02-03
135,roberto.freitas.souza228,roberto.freitas.souza228@hotmail.com,local,$2a$10$MM7Y35LIwx94F5A.Knz9LuOo/j.cKwiRB12AATl8elcH9cXHFxihi,,,t,f,1,1996-06-26,Male,Roberto Freitas Souza,roberto1822,pilgrim,,,,,1,1,2025-01-22 11:41:17-03,2025-01-24 14:46:42-03
167,joao.cardoso.cardoso36,joao.cardoso.cardoso36@gmail.com,local,$2a$10$MM7Y35LIwx94F5A.Knz9LuOo/j.cKwiRB12AATl8elcH9cXHFxihi,,,t,f,1,2001-12-14,Male,João Cardoso Cardoso,joao3596,pilgrim,,,,,1,1,2025-10-08 06:30:47-03,2025-11-06 14:16:44-03
155,leandro.santos.castro12,leandro.santos.castro12@email.com,local,$2a$10$MM7Y35LIwx94F5A.Knz9LuOo/j.cKwiRB12AATl8elcH9cXHFxihi,,,t,f,1,1992-07-22,Male,Leandro Santos Castro,leandro942,merchant,t,211,2026-01-26 01:16:22-03,,1,1,2025-12-17 03:08:15-03,2026-01-30 05:49:31-03
32,claudia.rodrigues.dias982,claudia.rodrigues.dias982@yahoo.com.br,local,$2a$10$MM7Y35LIwx94F5A.Knz9LuOo/j.cKwiRB12AATl8elcH9cXHFxihi,,,t,f,1,1937-03-16,Female,Claudia Rodrigues Dias,claudia,pilgrim,,,,,1,1,2025-06-18 12:12:55-03,2025-07-14 06:33:39-03
113,amanda.castro.castro445,amanda.castro.castro445@email.com,local,$2a$10$MM7Y35LIwx94F5A.Knz9LuOo/j.cKwiRB12AATl8elcH9cXHFxihi,,,t,f,1,1986-02-20,Female,Amanda Castro Castro,amanda9044,pilgrim,,,,,1,1,2025-12-15 10:43:27-03,2025-12-28 09:18:15-03
173,fabio.rodrigues.freitas679,fabio.rodrigues.freitas679@outlook.com,local,$2a$10$MM7Y35LIwx94F5A.Knz9LuOo/j.cKwiRB12AATl8elcH9cXHFxihi,,,t,f,1,1937-12-15,Male,Fabio Rodrigues Freitas,fabio201,pilgrim,,,,,1,1,2025-05-14 15:59:03-03,2025-06-04 09:29:11-03
158,claudia.dias.cavalcanti308,claudia.dias.cavalcanti308@outlook.com,local,$2a$10$MM7Y35LIwx94F5A.Knz9LuOo/j.cKwiRB12AATl8elcH9cXHFxihi,,,t,f,1,1943-06-20,Female,Claudia Dias Cavalcanti,claudia865,merchant,,,,,1,1,2024-11-28 06:27:45-03,2024-11-28 14:17:39-03
170,larissa.cardoso.fernandes140,larissa.cardoso.fernandes140@gmail.com,local,$2a$10$MM7Y35LIwx94F5A.Knz9LuOo/j.cKwiRB12AATl8elcH9cXHFxihi,,,t,f,1,1958-03-08,Female,Larissa Cardoso Fernandes,larissa5076,merchant,,,,,1,1,2024-11-27 12:23:44-03,2024-11-27 09:27:02-03
21,flavio.melo.silva339,flavio.melo.silva339@email.com,local,$2a$10$MM7Y35LIwx94F5A.Knz9LuOo/j.cKwiRB12AATl8elcH9cXHFxihi,,,t,f,1,2004-10-30,Male,Flavio Melo Silva,flavio,merchant,t,211,2026-01-23 18:32:08-03,,1,1,2025-12-30 16:16:21-03,2026-02-08 15:18:50-03
25,fernanda.ribeiro.nascimento883,fernanda.ribeiro.nascimento883@yahoo.com.br,local,$2a$10$MM7Y35LIwx94F5A.Knz9LuOo/j.cKwiRB12AATl8elcH9cXHFxihi,,,t,f,1,2005-11-25,Female,Fernanda Ribeiro Nascimento,fernanda,merchant,t,211,2026-01-23 18:32:08-03,,1,1,2025-11-05 04:22:35-03,2026-02-13 05:11:58-03
29,vinicius.almeida.ribeiro393,vinicius.almeida.ribeiro393@yahoo.com.br,local,$2a$10$MM7Y35LIwx94F5A.Knz9LuOo/j.cKwiRB12AATl8elcH9cXHFxihi,,,t,f,1,1974-02-04,Male,Vinicius Almeida Ribeiro,vinicius,pilgrim,,,,,1,1,2025-05-29 13:10:12-03,2025-06-16 07:50:34-03
33,gustavo.nascimento.oliveira557,gustavo.nascimento.oliveira557@hotmail.com,local,$2a$10$MM7Y35LIwx94F5A.Knz9LuOo/j.cKwiRB12AATl8elcH9cXHFxihi,,,t,f,1,1984-04-16,Male,Gustavo Nascimento Oliveira,gustavo,pilgrim,,,,,1,1,2025-02-18 03:08:13-03,2025-03-01 07:08:49-03
36,sergio.cavalcanti.pinto89,sergio.cavalcanti.pinto89@gmail.com,local,$2a$10$MM7Y35LIwx94F5A.Knz9LuOo/j.cKwiRB12AATl8elcH9cXHFxihi,,,t,f,1,1947-03-15,Male,Sergio Cavalcanti Pinto,sergio,pilgrim,,,,,1,1,2025-07-20 05:42:37-03,2025-08-02 06:55:41-03
124,fernanda.cardoso.araujo410,fernanda.cardoso.araujo410@gmail.com,local,$2a$10$MM7Y35LIwx94F5A.Knz9LuOo/j.cKwiRB12AATl8elcH9cXHFxihi,,,t,f,1,2000-11-05,Female,Fernanda Cardoso Araujo,fernanda142,pilgrim,,,,,1,1,2024-11-06 06:38:14-03,2024-11-06 06:12:32-03
88,igor.ribeiro.rocha386,igor.ribeiro.rocha386@hotmail.com,local,$2a$10$MM7Y35LIwx94F5A.Knz9LuOo/j.cKwiRB12AATl8elcH9cXHFxihi,,,t,f,1,1999-09-13,Male,Igor Ribeiro Rocha,igor,pilgrim,,,,,1,1,2024-12-17 09:14:18-03,2024-12-17 14:34:20-03
7,cristina.alves.pereira846,cristina.alves.pereira846@hotmail.com,local,$2a$10$MM7Y35LIwx94F5A.Knz9LuOo/j.cKwiRB12AATl8elcH9cXHFxihi,,,t,f,1,1936-02-19,Female,Cristina Alves Pereira,cristina,pilgrim,,,,,1,1,2024-12-02 13:40:57-03,2024-12-02 11:19:18-03
67,monica.castro.cardoso919,monica.castro.cardoso919@yahoo.com.br,local,$2a$10$MM7Y35LIwx94F5A.Knz9LuOo/j.cKwiRB12AATl8elcH9cXHFxihi,,,t,f,1,1989-09-04,Female,Monica Castro Cardoso,monica,merchant,,,,,1,1,2024-12-16 05:07:41-03,2024-12-16 14:17:16-03
178,cristina.cavalcanti.pereira509,cristina.cavalcanti.pereira509@outlook.com,local,$2a$10$MM7Y35LIwx94F5A.Knz9LuOo/j.cKwiRB12AATl8elcH9cXHFxihi,,,t,f,1,1996-04-01,Female,Cristina Cavalcanti Pereira,cristina7280,pilgrim,,,,,1,1,2024-12-10 13:06:35-03,2024-12-10 11:10:11-03
20,gabriela.souza.pinto668,gabriela.souza.pinto668@gmail.com,local,$2a$10$MM7Y35LIwx94F5A.Knz9LuOo/j.cKwiRB12AATl8elcH9cXHFxihi,,,t,f,1,1984-05-24,Female,Gabriela Souza Pinto,gabriela,pilgrim,,,,,1,1,2024-11-14 15:13:17-03,2024-11-14 09:46:38-03
10,julia.barbosa.barbosa303,julia.barbosa.barbosa303@hotmail.com,local,$2a$10$MM7Y35LIwx94F5A.Knz9LuOo/j.cKwiRB12AATl8elcH9cXHFxihi,,,t,f,1,1994-04-26,Female,Julia Barbosa Barbosa,julia,pilgrim,,,,,1,1,2025-02-13 16:17:26-03,2025-03-04 13:16:51-03
11,camila.ribeiro.mendes777,camila.ribeiro.mendes777@yahoo.com.br,local,$2a$10$MM7Y35LIwx94F5A.Knz9LuOo/j.cKwiRB12AATl8elcH9cXHFxihi,,,t,f,1,2008-03-05,Female,Camila Ribeiro Mendes,camila,merchant,t,211,2026-01-23 18:32:08-03,,1,1,2025-04-07 03:36:48-03,2026-02-17 10:22:06-03
82,maria.teixeira.nascimento908,maria.teixeira.nascimento908@gmail.com,local,$2a$10$MM7Y35LIwx94F5A.Knz9LuOo/j.cKwiRB12AATl8elcH9cXHFxihi,,,t,f,1,1988-02-24,Female,Maria Teixeira Nascimento,maria,pilgrim,,,,,1,1,2024-12-31 13:16:31-03,2024-12-31 10:52:35-03
41,thiago.teixeira.pinto173,thiago.teixeira.pinto173@yahoo.com.br,local,$2a$10$MM7Y35LIwx94F5A.Knz9LuOo/j.cKwiRB12AATl8elcH9cXHFxihi,,,t,f,1,1998-09-06,Male,Thiago Teixeira Pinto,thiago,pilgrim,,,,,1,1,2025-10-01 13:09:19-03,2025-10-09 08:35:56-03
62,caio.freitas.castro778,caio.freitas.castro778@hotmail.com,local,$2a$10$MM7Y35LIwx94F5A.Knz9LuOo/j.cKwiRB12AATl8elcH9cXHFxihi,,,t,f,1,1943-06-27,Male,Caio Freitas Castro,caio,merchant,t,211,2026-01-23 18:32:08-03,,1,1,2026-01-13 17:50:09-03,2026-02-12 05:52:29-03
139,felipe.fernandes.silva401,felipe.fernandes.silva401@email.com,local,$2a$10$MM7Y35LIwx94F5A.Knz9LuOo/j.cKwiRB12AATl8elcH9cXHFxihi,,,t,f,1,1965-01-03,Male,Felipe Fernandes Silva,felipe3724,pilgrim,,,,,1,1,2024-12-25 07:45:24-03,2024-12-25 11:51:52-03
91,isabella.ribeiro.silva461,isabella.ribeiro.silva461@email.com,local,$2a$10$MM7Y35LIwx94F5A.Knz9LuOo/j.cKwiRB12AATl8elcH9cXHFxihi,,,t,f,1,2001-03-19,Female,Isabella Ribeiro Silva,isabella,pilgrim,,,,,1,1,2025-06-23 06:21:46-03,2025-07-12 05:32:14-03
121,jose.souza.souza49,jose.souza.souza49@email.com,local,$2a$10$MM7Y35LIwx94F5A.Knz9LuOo/j.cKwiRB12AATl8elcH9cXHFxihi,,,t,f,1,1966-10-16,Male,José Souza Souza,jose6130,pilgrim,,,,,1,1,2024-12-06 12:45:16-03,2024-12-06 10:40:50-03
128,gabriela.costa.oliveira782,gabriela.costa.oliveira782@hotmail.com,local,$2a$10$MM7Y35LIwx94F5A.Knz9LuOo/j.cKwiRB12AATl8elcH9cXHFxihi,,,t,f,1,1985-04-11,Female,Gabriela Costa Oliveira,gabriela161,pilgrim,,,,,1,1,2025-11-18 17:05:14-03,2025-12-13 10:29:11-03
134,silvia.fernandes.nascimento433,silvia.fernandes.nascimento433@email.com,local,$2a$10$MM7Y35LIwx94F5A.Knz9LuOo/j.cKwiRB12AATl8elcH9cXHFxihi,,,t,f,1,1996-06-01,Female,Silvia Fernandes Nascimento,silvia8532,pilgrim,,,,,1,1,2025-11-08 11:32:15-03,2025-11-29 13:21:53-03
136,aline.ferreira.almeida115,aline.ferreira.almeida115@yahoo.com.br,local,$2a$10$MM7Y35LIwx94F5A.Knz9LuOo/j.cKwiRB12AATl8elcH9cXHFxihi,,,t,f,1,1993-11-23,Female,Aline Ferreira Almeida,aline5791,pilgrim,,,,,1,1,2025-01-31 07:00:37-03,2025-11-07 12:42:18-03
137,beatriz.pinto.monteiro317,beatriz.pinto.monteiro317@hotmail.com,local,$2a$10$MM7Y35LIwx94F5A.Knz9LuOo/j.cKwiRB12AATl8elcH9cXHFxihi,,,t,f,1,1997-01-30,Female,Beatriz Pinto Monteiro,beatriz9258,merchant,t,211,2026-01-23 18:32:08-03,,1,1,2025-11-21 12:20:31-03,2026-02-16 13:14:04-03
6,carolina.souza.barbosa735,carolina.souza.barbosa735@email.com,local,$2a$10$MM7Y35LIwx94F5A.Knz9LuOo/j.cKwiRB12AATl8elcH9cXHFxihi,,,t,f,1,1987-02-05,Female,Carolina Souza Barbosa,carolina,pilgrim,,,,,1,1,2024-11-20 15:41:55-03,2024-11-20 10:04:04-03
156,fernando.oliveira.monteiro205,fernando.oliveira.monteiro205@outlook.com,local,$2a$10$MM7Y35LIwx94F5A.Knz9LuOo/j.cKwiRB12AATl8elcH9cXHFxihi,,,t,f,1,1994-05-09,Male,Fernando Oliveira Monteiro,fernando6146,pilgrim,,,,,1,1,2024-11-17 07:45:49-03,2024-11-17 10:40:51-03
159,gabriela.ribeiro.monteiro777,gabriela.ribeiro.monteiro777@hotmail.com,local,$2a$10$MM7Y35LIwx94F5A.Knz9LuOo/j.cKwiRB12AATl8elcH9cXHFxihi,,,t,f,1,1973-02-12,Female,Gabriela Ribeiro Monteiro,gabriela3031,pilgrim,,,,,1,1,2025-02-09 05:26:17-03,2025-02-09 09:05:50-03
179,fernando.nascimento.barbosa729,fernando.nascimento.barbosa729@hotmail.com,local,$2a$10$MM7Y35LIwx94F5A.Knz9LuOo/j.cKwiRB12AATl8elcH9cXHFxihi,,,t,f,1,2008-07-18,Male,Fernando Nascimento Barbosa,fernando9099,pilgrim,,,,,1,1,2025-10-18 09:42:56-03,2025-11-12 13:33:51-03
180,henrique.ribeiro.freitas687,henrique.ribeiro.freitas687@yahoo.com.br,local,$2a$10$MM7Y35LIwx94F5A.Knz9LuOo/j.cKwiRB12AATl8elcH9cXHFxihi,,,t,f,1,2008-12-10,Male,Henrique Ribeiro Freitas,henrique748,pilgrim,,,,,1,1,2024-11-03 12:45:51-03,2024-11-03 09:27:04-03
189,bruno.martins.souza541,bruno.martins.souza541@gmail.com,local,$2a$10$MM7Y35LIwx94F5A.Knz9LuOo/j.cKwiRB12AATl8elcH9cXHFxihi,,,t,f,1,1958-07-02,Male,Bruno Martins Souza,bruno6835,pilgrim,,,,,1,1,2025-01-28 10:14:35-03,2025-02-01 15:35:41-03
191,amanda.teixeira.silva633,amanda.teixeira.silva633@yahoo.com.br,local,$2a$10$MM7Y35LIwx94F5A.Knz9LuOo/j.cKwiRB12AATl8elcH9cXHFxihi,,,t,f,1,1996-06-08,Female,Amanda Teixeira Silva,amanda8770,pilgrim,,,,,1,1,2025-11-03 06:32:54-03,2025-11-16 05:46:09-03
198,rodrigo.fernandes.dias454,rodrigo.fernandes.dias454@email.com,local,$2a$10$MM7Y35LIwx94F5A.Knz9LuOo/j.cKwiRB12AATl8elcH9cXHFxihi,,,t,f,1,1993-07-08,Male,Rodrigo Fernandes Dias,rodrigo3759,pilgrim,,,,,1,1,2025-04-27 05:13:13-03,2026-02-12 05:02:14-03
200,rafael.mendes.freitas794,rafael.mendes.freitas794@gmail.com,local,$2a$10$MM7Y35LIwx94F5A.Knz9LuOo/j.cKwiRB12AATl8elcH9cXHFxihi,,,t,f,1,1985-08-07,Male,Rafael Mendes Freitas,rafael848,pilgrim,,,,,1,1,2024-12-04 05:33:05-03,2024-12-15 12:10:58-03
8,pedro.silva.fernandes109,pedro.silva.fernandes109@email.com,local,$2a$10$MM7Y35LIwx94F5A.Knz9LuOo/j.cKwiRB12AATl8elcH9cXHFxihi,,,t,f,1,2008-03-08,Male,Pedro Silva Fernandes,pedro,pilgrim,,,,,1,1,2025-07-22 09:24:49-03,2025-07-26 12:35:07-03
59,lucas.alves.cardoso931,lucas.alves.cardoso931@email.com,local,$2a$10$MM7Y35LIwx94F5A.Knz9LuOo/j.cKwiRB12AATl8elcH9cXHFxihi,,,t,f,1,1955-06-07,Male,Lucas Alves Cardoso,lucas,pilgrim,,,,,1,1,2024-11-21 15:58:38-03,2024-11-21 07:17:37-03
116,gabriel.teixeira.lima743,gabriel.teixeira.lima743@yahoo.com.br,local,$2a$10$MM7Y35LIwx94F5A.Knz9LuOo/j.cKwiRB12AATl8elcH9cXHFxihi,,,t,f,1,2008-06-17,Male,Gabriel Teixeira Lima,gabriel3206,pilgrim,,,,,1,1,2024-11-09 10:40:27-03,2024-11-09 13:02:36-03
46,rafaela.cardoso.mendes721,rafaela.cardoso.mendes721@email.com,local,$2a$10$MM7Y35LIwx94F5A.Knz9LuOo/j.cKwiRB12AATl8elcH9cXHFxihi,,,t,f,1,1997-08-08,Female,Rafaela Cardoso Mendes,rafaela,pilgrim,,,,,1,1,2024-11-06 07:03:50-03,2025-06-14 10:52:34-03
28,joao.mendes.lima445,joao.mendes.lima445@hotmail.com,local,$2a$10$MM7Y35LIwx94F5A.Knz9LuOo/j.cKwiRB12AATl8elcH9cXHFxihi,,,t,f,1,1987-01-26,Male,João Mendes Lima,joao,pilgrim,,,,,1,1,2024-11-10 08:05:08-03,2024-11-10 09:42:30-03
44,natalia.souza.monteiro126,natalia.souza.monteiro126@hotmail.com,local,$2a$10$MM7Y35LIwx94F5A.Knz9LuOo/j.cKwiRB12AATl8elcH9cXHFxihi,,,t,f,1,1998-06-17,Female,Natalia Souza Monteiro,natalia,merchant,t,211,2026-01-23 18:32:08-03,,1,1,2025-12-30 04:25:10-03,2026-02-01 08:24:50-03
115,gabriela.melo.cardoso134,gabriela.melo.cardoso134@hotmail.com,local,$2a$10$MM7Y35LIwx94F5A.Knz9LuOo/j.cKwiRB12AATl8elcH9cXHFxihi,,,t,f,1,1995-08-09,Female,Gabriela Melo Cardoso,gabriela24,pilgrim,,,,,1,1,2024-12-21 13:11:08-03,2025-01-18 10:35:21-03
66,priscila.ribeiro.mendes765,priscila.ribeiro.mendes765@yahoo.com.br,local,$2a$10$MM7Y35LIwx94F5A.Knz9LuOo/j.cKwiRB12AATl8elcH9cXHFxihi,,,t,f,1,1987-04-09,Female,Priscila Ribeiro Mendes,priscila,merchant,t,211,2026-01-23 18:32:08-03,,1,1,2025-10-29 09:03:44-03,2026-02-21 05:25:39-03
133,isabella.santos.almeida857,isabella.santos.almeida857@yahoo.com.br,local,$2a$10$MM7Y35LIwx94F5A.Knz9LuOo/j.cKwiRB12AATl8elcH9cXHFxihi,,,t,f,1,1946-07-03,Female,Isabella Santos Almeida,isabella2924,pilgrim,,,,,1,1,2025-12-09 08:59:08-03,2025-12-13 12:36:26-03
117,leandro.rodrigues.oliveira155,leandro.rodrigues.oliveira155@outlook.com,local,$2a$10$MM7Y35LIwx94F5A.Knz9LuOo/j.cKwiRB12AATl8elcH9cXHFxihi,,,t,f,1,2003-09-08,Male,Leandro Rodrigues Oliveira,leandro3088,pilgrim,,,,,1,1,2024-11-29 06:26:37-03,2024-11-29 06:57:27-03
127,adriana.carvalho.freitas266,adriana.carvalho.freitas266@email.com,local,$2a$10$zMofM.UiC/JVLLOIp3L7zezqrXf44scC9D1cOcHhQAr8PIggIyqt.,,,t,f,1,1964-12-27,Female,Adriana Carvalho Freitas,adriana528,pilgrim,,,,,1,1,2025-09-07 08:42:38-03,2025-09-11 14:28:09-03
129,beatriz.pereira.ferreira191,beatriz.pereira.ferreira191@yahoo.com.br,local,$2a$10$MM7Y35LIwx94F5A.Knz9LuOo/j.cKwiRB12AATl8elcH9cXHFxihi,,,t,f,1,1950-03-01,Female,Beatriz Pereira Ferreira,beatriz2900,merchant,t,211,2026-01-23 18:32:08-03,,1,1,2025-10-31 06:35:25-03,2026-01-23 05:12:54-03
209,peregrino9@cora.com,peregrino9@cora.com,local,$2a$10$MM7Y35LIwx94F5A.Knz9LuOo/j.cKwiRB12AATl8elcH9cXHFxihi,,,t,f,1,1989-03-06,Male,Lucas Martins,lucas_martins,pilgrim,,,,,1,1,2024-11-19 14:42:45-03,2024-11-19 11:49:33-03
153,bruna.ribeiro.teixeira74,bruna.ribeiro.teixeira74@yahoo.com.br,local,$2a$10$MM7Y35LIwx94F5A.Knz9LuOo/j.cKwiRB12AATl8elcH9cXHFxihi,,,t,f,1,2000-03-09,Female,Bruna Ribeiro Teixeira,bruna7730,pilgrim,,,,,1,1,2024-11-05 07:43:46-03,2024-11-08 05:16:23-03
162,felipe.nascimento.almeida325,felipe.nascimento.almeida325@outlook.com,local,$2a$10$MM7Y35LIwx94F5A.Knz9LuOo/j.cKwiRB12AATl8elcH9cXHFxihi,,,t,f,1,1982-11-06,Male,Felipe Nascimento Almeida,felipe5085,pilgrim,,,,,1,1,2024-12-27 10:50:28-03,2025-01-25 10:58:43-03
169,gabriela.araujo.oliveira154,gabriela.araujo.oliveira154@gmail.com,local,$2a$10$MM7Y35LIwx94F5A.Knz9LuOo/j.cKwiRB12AATl8elcH9cXHFxihi,,,t,f,1,1943-05-30,Female,Gabriela Araujo Oliveira,gabriela1771,pilgrim,,,,,1,1,2025-02-01 04:06:53-03,2025-02-13 05:08:15-03
174,aline.costa.cardoso34,aline.costa.cardoso34@yahoo.com.br,local,$2a$10$MM7Y35LIwx94F5A.Knz9LuOo/j.cKwiRB12AATl8elcH9cXHFxihi,,,t,f,1,2005-06-12,Female,Aline Costa Cardoso,aline1204,pilgrim,,,,,1,1,2024-12-22 08:33:24-03,2024-12-22 09:28:44-03
175,bruna.oliveira.rocha251,bruna.oliveira.rocha251@email.com,local,$2a$10$MM7Y35LIwx94F5A.Knz9LuOo/j.cKwiRB12AATl8elcH9cXHFxihi,,,t,f,1,1998-10-04,Female,Bruna Oliveira Rocha,bruna7898,pilgrim,,,,,1,1,2024-12-11 09:37:39-03,2024-12-11 11:26:33-03
188,ana.costa.pereira374,ana.costa.pereira374@hotmail.com,local,$2a$10$MM7Y35LIwx94F5A.Knz9LuOo/j.cKwiRB12AATl8elcH9cXHFxihi,,,t,f,1,1984-02-23,Female,Ana Costa Pereira,ana515,pilgrim,,,,,1,1,2025-06-05 14:23:38-03,2025-06-26 14:54:27-03
193,monica.rodrigues.barbosa647,monica.rodrigues.barbosa647@gmail.com,local,$2a$10$MM7Y35LIwx94F5A.Knz9LuOo/j.cKwiRB12AATl8elcH9cXHFxihi,,,t,f,1,1983-10-03,Female,Monica Rodrigues Barbosa,monica307,pilgrim,,,,,1,1,2025-12-22 11:58:25-03,2025-12-29 05:39:32-03
195,flavio.rocha.oliveira460,flavio.rocha.oliveira460@outlook.com,local,$2a$10$MM7Y35LIwx94F5A.Knz9LuOo/j.cKwiRB12AATl8elcH9cXHFxihi,,,t,f,1,1990-02-23,Male,Flavio Rocha Oliveira,flavio9211,pilgrim,,,,,1,1,2025-10-12 14:54:36-03,2025-11-01 14:39:59-03
196,claudia.ribeiro.costa306,claudia.ribeiro.costa306@email.com,local,$2a$10$MM7Y35LIwx94F5A.Knz9LuOo/j.cKwiRB12AATl8elcH9cXHFxihi,,,t,f,1,1940-04-24,Female,Claudia Ribeiro Costa,claudia7811,pilgrim,,,,,1,1,2024-12-02 12:21:18-03,2024-12-02 06:38:51-03
206,peregrino6@cora.com,peregrino6@cora.com,local,$2a$10$MM7Y35LIwx94F5A.Knz9LuOo/j.cKwiRB12AATl8elcH9cXHFxihi,,,t,f,1,1987-07-01,Female,Juliana Ferreira,juliana_ferreira,merchant,t,211,2026-01-23 18:32:08-03,,1,1,2025-12-08 14:56:36-03,2026-01-27 13:29:08-03
2,roberto.costa.santos475,roberto.costa.santos475@hotmail.com,local,$2a$10$MM7Y35LIwx94F5A.Knz9LuOo/j.cKwiRB12AATl8elcH9cXHFxihi,,,t,f,1,1961-01-23,Male,Roberto Costa Santos,roberto,merchant,t,211,2026-01-23 18:32:08-03,,1,1,2025-12-08 13:38:47-03,2026-02-08 10:21:45-03
16,lucia.barbosa.dias972,lucia.barbosa.dias972@outlook.com,local,$2a$10$MM7Y35LIwx94F5A.Knz9LuOo/j.cKwiRB12AATl8elcH9cXHFxihi,,,t,f,1,1990-03-10,Female,Lucia Barbosa Dias,lucia,pilgrim,,,,,1,1,2025-02-05 10:17:04-03,2025-02-27 07:35:34-03
187,gabriela.melo.martins288,gabriela.melo.martins288@hotmail.com,local,$2a$10$MM7Y35LIwx94F5A.Knz9LuOo/j.cKwiRB12AATl8elcH9cXHFxihi,,,t,f,1,1987-01-26,Female,Gabriela Melo Martins,gabriela6023,pilgrim,,,,,1,1,2025-10-11 15:28:45-03,2025-10-15 13:46:32-03
148,cesar.mendes.almeida517,cesar.mendes.almeida517@email.com,local,$2a$10$MM7Y35LIwx94F5A.Knz9LuOo/j.cKwiRB12AATl8elcH9cXHFxihi,,,t,f,1,1967-08-01,Male,Cesar Mendes Almeida,cesar1771,pilgrim,,,,,1,1,2025-11-07 06:56:53-03,2025-11-18 12:00:45-03
9,beatriz.barbosa.gomes553,beatriz.barbosa.gomes553@hotmail.com,local,$2a$10$MM7Y35LIwx94F5A.Knz9LuOo/j.cKwiRB12AATl8elcH9cXHFxihi,,,t,f,1,1973-07-17,Female,Beatriz Barbosa Gomes,beatriz,pilgrim,,,,,1,1,2025-11-07 08:08:30-03,2025-12-05 11:54:01-03
13,rodrigo.rodrigues.souza865,rodrigo.rodrigues.souza865@hotmail.com,local,$2a$10$MM7Y35LIwx94F5A.Knz9LuOo/j.cKwiRB12AATl8elcH9cXHFxihi,,,t,f,1,2002-12-18,Male,Rodrigo Rodrigues Souza,rodrigo,pilgrim,,,,,1,1,2025-09-08 11:08:30-03,2025-10-07 09:19:39-03
19,cesar.pinto.silva566,cesar.pinto.silva566@outlook.com,local,$2a$10$MM7Y35LIwx94F5A.Knz9LuOo/j.cKwiRB12AATl8elcH9cXHFxihi,,,t,f,1,2003-05-15,Male,Cesar Pinto Silva,cesar,pilgrim,,,,,1,1,2024-11-13 07:34:26-03,2024-11-13 13:56:53-03
39,felipe.rocha.martins537,felipe.rocha.martins537@email.com,local,$2a$10$MM7Y35LIwx94F5A.Knz9LuOo/j.cKwiRB12AATl8elcH9cXHFxihi,,,t,f,1,2004-06-20,Male,Felipe Rocha Martins,felipe,pilgrim,,,,,1,1,2025-04-17 06:53:23-03,2025-04-27 15:09:18-03
63,carla.rocha.pinto883,carla.rocha.pinto883@gmail.com,local,$2a$10$MM7Y35LIwx94F5A.Knz9LuOo/j.cKwiRB12AATl8elcH9cXHFxihi,,,t,f,1,1995-04-02,Female,Carla Rocha Pinto,carla,pilgrim,,,,,1,1,2025-07-18 13:21:19-03,2025-07-24 07:56:57-03
74,andre.ribeiro.lima119,andre.ribeiro.lima119@hotmail.com,local,$2a$10$MM7Y35LIwx94F5A.Knz9LuOo/j.cKwiRB12AATl8elcH9cXHFxihi,,,t,f,1,1999-10-14,Male,André Ribeiro Lima,andre,pilgrim,,,,,1,1,2025-09-17 15:52:51-03,2025-10-08 14:26:10-03
103,jose.freitas.almeida426,jose.freitas.almeida426@yahoo.com.br,local,$2a$10$MM7Y35LIwx94F5A.Knz9LuOo/j.cKwiRB12AATl8elcH9cXHFxihi,,,t,f,1,1983-08-02,Male,José Freitas Almeida,jose7596,pilgrim,,,,,1,1,2024-12-25 10:27:30-03,2025-01-10 10:32:37-03
104,sergio.santos.freitas626,sergio.santos.freitas626@email.com,local,$2a$10$MM7Y35LIwx94F5A.Knz9LuOo/j.cKwiRB12AATl8elcH9cXHFxihi,,,t,f,1,2000-08-30,Male,Sergio Santos Freitas,sergio1580,pilgrim,,,,,1,1,2024-12-08 07:49:04-03,2024-12-08 14:09:43-03
108,vanessa.fernandes.rodrigues430,vanessa.fernandes.rodrigues430@outlook.com,local,$2a$10$MM7Y35LIwx94F5A.Knz9LuOo/j.cKwiRB12AATl8elcH9cXHFxihi,,,t,f,1,2007-06-20,Female,Vanessa Fernandes Rodrigues,vanessa5788,pilgrim,,,,,1,1,2025-06-07 04:33:32-03,2025-07-05 14:41:36-03
114,bruna.freitas.barbosa352,bruna.freitas.barbosa352@hotmail.com,local,$2a$10$MM7Y35LIwx94F5A.Knz9LuOo/j.cKwiRB12AATl8elcH9cXHFxihi,,,t,f,1,1935-07-13,Female,Bruna Freitas Barbosa,bruna3925,pilgrim,,,,,1,1,2025-10-11 08:58:27-03,2025-11-07 13:17:28-03
119,carlos.teixeira.costa245,carlos.teixeira.costa245@yahoo.com.br,local,$2a$10$MM7Y35LIwx94F5A.Knz9LuOo/j.cKwiRB12AATl8elcH9cXHFxihi,,,t,f,1,2008-01-04,Male,Carlos Teixeira Costa,carlos9189,pilgrim,,,,,1,1,2024-11-15 07:05:37-03,2024-11-15 06:03:54-03
125,alexandre.ribeiro.melo16,alexandre.ribeiro.melo16@email.com,local,$2a$10$MM7Y35LIwx94F5A.Knz9LuOo/j.cKwiRB12AATl8elcH9cXHFxihi,,,t,f,1,1943-07-04,Male,Alexandre Ribeiro Melo,alexandre2668,pilgrim,,,,,1,1,2025-09-11 10:58:33-03,2025-10-08 05:54:56-03
126,eduardo.ferreira.gomes794,eduardo.ferreira.gomes794@yahoo.com.br,local,$2a$10$MM7Y35LIwx94F5A.Knz9LuOo/j.cKwiRB12AATl8elcH9cXHFxihi,,,t,f,1,1986-07-20,Male,Eduardo Ferreira Gomes,eduardo3748,pilgrim,,,,,1,1,2025-01-07 06:38:56-03,2025-01-07 12:37:37-03
142,patricia.souza.castro333,patricia.souza.castro333@gmail.com,local,$2a$10$MM7Y35LIwx94F5A.Knz9LuOo/j.cKwiRB12AATl8elcH9cXHFxihi,,,t,f,1,1965-05-21,Female,Patricia Souza Castro,patricia221,merchant,f,,,Um ou mais estabelecimentos inativos.,1,1,2025-12-16 09:20:11-03,2026-01-09 09:12:06-03
181,antonio.fernandes.monteiro711,antonio.fernandes.monteiro711@gmail.com,local,$2a$10$MM7Y35LIwx94F5A.Knz9LuOo/j.cKwiRB12AATl8elcH9cXHFxihi,,,t,f,1,1987-03-13,Male,Antonio Fernandes Monteiro,antonio6102,pilgrim,,,,,1,1,2025-01-25 10:46:30-03,2025-01-25 12:11:48-03
161,julia.gomes.almeida322,julia.gomes.almeida322@outlook.com,local,$2a$10$MM7Y35LIwx94F5A.Knz9LuOo/j.cKwiRB12AATl8elcH9cXHFxihi,,,t,f,1,2006-10-16,Female,Julia Gomes Almeida,julia8150,pilgrim,,,,,1,1,2024-11-11 08:23:46-03,2024-11-11 07:48:55-03
166,patricia.mendes.ferreira123,patricia.mendes.ferreira123@gmail.com,local,$2a$10$MM7Y35LIwx94F5A.Knz9LuOo/j.cKwiRB12AATl8elcH9cXHFxihi,,,t,f,1,2002-09-15,Female,Patricia Mendes Ferreira,patricia8670,pilgrim,,,,,1,1,2025-08-12 03:50:29-03,2025-08-16 13:28:51-03
168,juliana.gomes.rodrigues162,juliana.gomes.rodrigues162@yahoo.com.br,local,$2a$10$MM7Y35LIwx94F5A.Knz9LuOo/j.cKwiRB12AATl8elcH9cXHFxihi,,,t,f,1,1981-08-24,Female,Juliana Gomes Rodrigues,juliana8302,merchant,t,211,2026-01-23 18:32:08-03,,1,1,2024-11-02 14:12:51-03,2026-02-14 05:12:06-03
208,peregrino8@cora.com,peregrino8@cora.com,local,$2a$10$MM7Y35LIwx94F5A.Knz9LuOo/j.cKwiRB12AATl8elcH9cXHFxihi,,,t,f,1,1999-12-26,Female,Fernanda Alves,fernanda_alves,pilgrim,,,,,1,1,2024-12-16 12:34:05-03,2024-12-16 09:09:12-03
197,cesar.silva.souza278,cesar.silva.souza278@outlook.com,local,$2a$10$MM7Y35LIwx94F5A.Knz9LuOo/j.cKwiRB12AATl8elcH9cXHFxihi,,,t,f,1,1985-12-18,Male,Cesar Silva Souza,cesar2375,pilgrim,,,,,1,1,2025-06-07 17:14:03-03,2025-07-07 05:54:25-03
207,peregrino7@cora.com,peregrino7@cora.com,local,$2a$10$MM7Y35LIwx94F5A.Knz9LuOo/j.cKwiRB12AATl8elcH9cXHFxihi,,,t,f,1,1999-09-29,Male,Roberto Lima,roberto_lima,merchant,t,211,2026-01-23 18:32:08-03,,1,1,2025-12-26 14:37:19-03,2026-01-31 07:40:46-03
1,daniel.monteiro.melo976,daniel.monteiro.melo976@outlook.com,local,$2a$10$MM7Y35LIwx94F5A.Knz9LuOo/j.cKwiRB12AATl8elcH9cXHFxihi,,,t,f,1,1991-06-23,Male,Daniel Monteiro Melo,daniel,pilgrim,,,,,1,1,2024-11-12 11:37:10-03,2024-11-12 10:53:32-03
214,comerciante3@cora.com,comerciante3@cora.com,local,$2a$10$MM7Y35LIwx94F5A.Knz9LuOo/j.cKwiRB12AATl8elcH9cXHFxihi,,,t,f,1,1982-11-15,Female,Comerciante Teste 03,ComercianteTeste03,merchant,t,211,2026-01-23 18:32:08-03,,1,1,2025-12-10 17:18:28-03,2026-01-30 08:45:48-03
212,comerciante1@cora.com,comerciante1@cora.com,local,$2a$10$MM7Y35LIwx94F5A.Knz9LuOo/j.cKwiRB12AATl8elcH9cXHFxihi,,,t,f,1,2008-06-05,Male,Comerciante Teste 01,ComercianteTeste01,merchant,t,211,2026-01-23 18:32:08-03,,1,1,2025-12-10 04:42:28-03,2026-02-07 11:58:45-03
172,matheus.santos.rodrigues900,matheus.santos.rodrigues900@outlook.com,local,$2a$10$MM7Y35LIwx94F5A.Knz9LuOo/j.cKwiRB12AATl8elcH9cXHFxihi,,,t,f,1,1983-05-20,Male,Matheus Santos Rodrigues,matheus139,pilgrim,,,,,1,1,2024-11-15 11:16:42-03,2024-11-15 09:11:27-03
194,luiz.fernandes.dias666,luiz.fernandes.dias666@outlook.com,local,$2a$10$MM7Y35LIwx94F5A.Knz9LuOo/j.cKwiRB12AATl8elcH9cXHFxihi,,,t,f,1,1989-03-21,Male,Luiz Fernandes Dias,luiz8807,pilgrim,,,,,1,1,2024-11-10 07:04:59-03,2024-11-10 12:22:09-03
120,lucia.cavalcanti.cardoso758,lucia.cavalcanti.cardoso758@yahoo.com.br,local,$2a$10$MM7Y35LIwx94F5A.Knz9LuOo/j.cKwiRB12AATl8elcH9cXHFxihi,,,t,f,1,1984-10-28,Female,Lucia Cavalcanti Cardoso,lucia3832,pilgrim,,,,,1,1,2024-11-01 15:47:52-03,2024-11-01 15:38:57-03
165,beatriz.cardoso.pinto363,beatriz.cardoso.pinto363@hotmail.com,local,$2a$10$MM7Y35LIwx94F5A.Knz9LuOo/j.cKwiRB12AATl8elcH9cXHFxihi,,,t,f,1,1990-11-27,Female,Beatriz Cardoso Pinto,beatriz7617,pilgrim,,,,,1,1,2024-12-17 13:51:03-03,2024-12-17 08:14:24-03
17,jose.cavalcanti.rocha545,jose.cavalcanti.rocha545@outlook.com,local,$2a$10$MM7Y35LIwx94F5A.Knz9LuOo/j.cKwiRB12AATl8elcH9cXHFxihi,,,t,f,1,2001-09-07,Male,José Cavalcanti Rocha,jose,pilgrim,,,,,1,1,2024-11-27 07:02:38-03,2024-11-27 15:23:59-03
30,henrique.fernandes.santos990,henrique.fernandes.santos990@yahoo.com.br,local,$2a$10$GUFNkUaVSt21DbECtENnaOwf0x2j1A4zB/vQqchWP9WgXpU2A/voS,,,t,f,1,2008-04-22,Male,Henrique Fernandes Santos,henrique,pilgrim,,,,,1,1,2024-12-25 11:07:01-03,2025-10-19 08:53:28-03
143,gustavo.melo.rodrigues347,gustavo.melo.rodrigues347@yahoo.com.br,local,$2a$10$MM7Y35LIwx94F5A.Knz9LuOo/j.cKwiRB12AATl8elcH9cXHFxihi,,,t,f,1,2002-08-06,Male,Gustavo Melo Rodrigues,gustavo830,pilgrim,,,,,1,1,2024-11-17 16:33:14-03,2024-11-23 14:01:54-03
49,amanda.freitas.almeida876,amanda.freitas.almeida876@gmail.com,local,$2a$10$MM7Y35LIwx94F5A.Knz9LuOo/j.cKwiRB12AATl8elcH9cXHFxihi,,,t,f,1,1983-08-04,Female,Amanda Freitas Almeida,amanda,pilgrim,,,,,1,1,2024-12-27 11:31:15-03,2025-04-15 14:58:14-03
51,carlos.rocha.araujo339,carlos.rocha.araujo339@outlook.com,local,$2a$10$MM7Y35LIwx94F5A.Knz9LuOo/j.cKwiRB12AATl8elcH9cXHFxihi,,,t,f,1,1995-10-15,Male,Carlos Rocha Araujo,carlos,pilgrim,,,,,1,1,2024-12-12 10:59:12-03,2025-01-04 08:54:50-03
89,paulo.souza.dias956,paulo.souza.dias956@hotmail.com,local,$2a$10$MM7Y35LIwx94F5A.Knz9LuOo/j.cKwiRB12AATl8elcH9cXHFxihi,,,t,f,1,1955-12-06,Male,Paulo Souza Dias,paulo,pilgrim,,,,,1,1,2024-12-15 07:47:32-03,2024-12-15 10:22:05-03
102,monica.pinto.souza214,monica.pinto.souza214@yahoo.com.br,local,$2a$10$MM7Y35LIwx94F5A.Knz9LuOo/j.cKwiRB12AATl8elcH9cXHFxihi,,,t,f,1,1982-07-14,Female,Monica Pinto Souza,monica2692,pilgrim,,,,,1,1,2025-02-06 10:01:12-03,2025-02-12 08:46:52-03
118,fernando.rodrigues.alves439,fernando.rodrigues.alves439@outlook.com,local,$2a$10$MM7Y35LIwx94F5A.Knz9LuOo/j.cKwiRB12AATl8elcH9cXHFxihi,,,t,f,1,1987-02-11,Male,Fernando Rodrigues Alves,fernando8766,pilgrim,,,,,1,1,2024-11-01 11:20:01-03,2024-11-22 15:40:09-03
122,diego.ferreira.pinto871,diego.ferreira.pinto871@gmail.com,local,$2a$10$MM7Y35LIwx94F5A.Knz9LuOo/j.cKwiRB12AATl8elcH9cXHFxihi,,,t,f,1,2000-10-05,Male,Diego Ferreira Pinto,diego6459,pilgrim,,,,,1,1,2025-09-05 13:46:45-03,2025-09-29 14:40:36-03
123,beatriz.carvalho.souza27,beatriz.carvalho.souza27@email.com,local,$2a$10$MM7Y35LIwx94F5A.Knz9LuOo/j.cKwiRB12AATl8elcH9cXHFxihi,,,t,f,1,1974-01-16,Female,Beatriz Carvalho Souza,beatriz4072,pilgrim,,,,,1,1,2025-04-06 08:03:13-03,2025-04-21 11:12:00-03
132,andre.alves.martins429,andre.alves.martins429@yahoo.com.br,local,$2a$10$MM7Y35LIwx94F5A.Knz9LuOo/j.cKwiRB12AATl8elcH9cXHFxihi,,,t,f,1,2005-04-30,Male,André Alves Martins,andre8473,pilgrim,,,,,1,1,2025-11-27 13:01:26-03,2025-12-18 07:35:19-03
138,cesar.gomes.monteiro930,cesar.gomes.monteiro930@gmail.com,local,$2a$10$MM7Y35LIwx94F5A.Knz9LuOo/j.cKwiRB12AATl8elcH9cXHFxihi,,,t,f,1,1986-07-06,Male,Cesar Gomes Monteiro,cesar8543,merchant,t,211,2026-01-23 18:32:08-03,,1,1,2025-04-12 11:42:12-03,2026-02-04 12:04:29-03
163,mauricio.freitas.lima27,mauricio.freitas.lima27@email.com,local,$2a$10$MM7Y35LIwx94F5A.Knz9LuOo/j.cKwiRB12AATl8elcH9cXHFxihi,,,t,f,1,2008-08-07,Male,Mauricio Freitas Lima,mauricio6497,merchant,,,,,1,1,2025-11-29 08:17:19-03,2025-12-28 08:37:33-03
164,daniela.cavalcanti.mendes19,daniela.cavalcanti.mendes19@yahoo.com.br,local,$2a$10$MM7Y35LIwx94F5A.Knz9LuOo/j.cKwiRB12AATl8elcH9cXHFxihi,,,t,f,1,2008-08-07,Female,Daniela Cavalcanti Mendes,daniela9970,pilgrim,,,,,1,1,2024-12-17 12:03:41-03,2024-12-17 09:28:40-03
171,andre.santos.ribeiro654,andre.santos.ribeiro654@email.com,local,$2a$10$MM7Y35LIwx94F5A.Knz9LuOo/j.cKwiRB12AATl8elcH9cXHFxihi,,,t,f,1,1957-12-22,Male,André Santos Ribeiro,andre4823,merchant,t,211,2026-01-23 18:32:08-03,,1,1,2026-01-17 14:23:28-03,2026-02-02 09:36:55-03
12,antonio.carvalho.mendes264,antonio.carvalho.mendes264@hotmail.com,local,$2a$10$MM7Y35LIwx94F5A.Knz9LuOo/j.cKwiRB12AATl8elcH9cXHFxihi,,,t,f,1,1966-11-29,Male,Antonio Carvalho Mendes,antonio,pilgrim,,,,,1,1,2025-06-09 15:53:46-03,2025-07-06 11:10:08-03
201,peregrino1@cora.com,peregrino1@cora.com,local,$2a$10$MM7Y35LIwx94F5A.Knz9LuOo/j.cKwiRB12AATl8elcH9cXHFxihi,,,t,f,1,2006-02-24,Male,João Silva,joao_silva,pilgrim,,,,,1,1,2025-12-15 12:24:43-03,2025-12-18 08:59:54-03
202,peregrino2@cora.com,peregrino2@cora.com,local,$2a$10$MM7Y35LIwx94F5A.Knz9LuOo/j.cKwiRB12AATl8elcH9cXHFxihi,,,t,f,1,1966-04-29,Female,Maria Santos,maria_santos,pilgrim,,,,,1,1,2025-02-28 15:19:23-03,2025-03-04 11:19:00-03
203,peregrino3@cora.com,peregrino3@cora.com,local,$2a$10$MM7Y35LIwx94F5A.Knz9LuOo/j.cKwiRB12AATl8elcH9cXHFxihi,,,t,f,1,2000-05-08,Male,Pedro Oliveira,pedro_oliveira,pilgrim,,,,,1,1,2025-03-29 16:02:39-03,2025-04-14 09:05:27-03
204,peregrino4@cora.com,peregrino4@cora.com,local,$2a$10$MM7Y35LIwx94F5A.Knz9LuOo/j.cKwiRB12AATl8elcH9cXHFxihi,,,t,f,1,2006-01-29,Female,Ana Costa,ana_costa,pilgrim,,,,,1,1,2025-11-22 12:03:21-03,2025-12-06 07:56:55-03
205,peregrino5@cora.com,peregrino5@cora.com,local,$2a$10$MM7Y35LIwx94F5A.Knz9LuOo/j.cKwiRB12AATl8elcH9cXHFxihi,,,t,f,1,1996-07-11,Male,Carlos Mendes,carlos_mendes,pilgrim,,,,,1,1,2024-11-23 17:22:16-03,2024-12-01 07:48:03-03
110,cristina.almeida.ferreira646,cristina.almeida.ferreira646@outlook.com,local,$2a$10$MM7Y35LIwx94F5A.Knz9LuOo/j.cKwiRB12AATl8elcH9cXHFxihi,,,t,f,1,1945-12-18,Female,Cristina Almeida Ferreira,cristina2242,pilgrim,,,,,1,1,2024-11-04 05:06:58-03,2025-06-07 07:37:04-03
77,leandro.mendes.melo446,leandro.mendes.melo446@yahoo.com.br,local,$2a$10$MM7Y35LIwx94F5A.Knz9LuOo/j.cKwiRB12AATl8elcH9cXHFxihi,,,t,f,1,1997-02-20,Male,Leandro Mendes Melo,leandro,pilgrim,,,,,1,1,2025-12-01 04:01:50-03,2025-12-05 10:17:02-03
57,diego.martins.silva729,diego.martins.silva729@outlook.com,local,$2a$10$MM7Y35LIwx94F5A.Knz9LuOo/j.cKwiRB12AATl8elcH9cXHFxihi,,,t,f,1,1940-11-15,Male,Diego Martins Silva,diego,pilgrim,,,,,1,1,2024-11-21 09:57:37-03,2024-11-21 11:55:10-03
176,antonio.silva.cavalcanti281,antonio.silva.cavalcanti281@hotmail.com,local,$2a$10$MM7Y35LIwx94F5A.Knz9LuOo/j.cKwiRB12AATl8elcH9cXHFxihi,,,t,f,1,1993-08-28,Male,Antonio Silva Cavalcanti,antonio4669,pilgrim,,,,,1,1,2024-12-27 15:05:39-03,2024-12-27 12:42:48-03
4,patricia.freitas.ferreira65,patricia.freitas.ferreira65@hotmail.com,local,$2a$10$MM7Y35LIwx94F5A.Knz9LuOo/j.cKwiRB12AATl8elcH9cXHFxihi,,,t,f,1,2002-11-12,Female,Patricia Freitas Ferreira,patricia,pilgrim,,,,,1,1,2024-11-16 14:16:02-03,2025-10-10 10:18:02-03
5,ricardo.souza.martins20,ricardo.souza.martins20@yahoo.com.br,local,$2a$10$MM7Y35LIwx94F5A.Knz9LuOo/j.cKwiRB12AATl8elcH9cXHFxihi,,,t,f,1,1990-04-10,Male,Ricardo Souza Martins,ricardo,pilgrim,,,,,1,1,2025-08-22 08:35:59-03,2025-08-22 08:35:16-03
15,silvia.dias.nascimento751,silvia.dias.nascimento751@hotmail.com,local,$2a$10$MM7Y35LIwx94F5A.Knz9LuOo/j.cKwiRB12AATl8elcH9cXHFxihi,,,t,f,1,1934-01-07,Female,Silvia Dias Nascimento,silvia,pilgrim,,,,,1,1,2024-11-03 12:08:10-03,2024-11-06 11:09:11-03
22,mauricio.santos.nascimento468,mauricio.santos.nascimento468@hotmail.com,local,$2a$10$MM7Y35LIwx94F5A.Knz9LuOo/j.cKwiRB12AATl8elcH9cXHFxihi,,,t,f,1,2009-01-04,Male,Mauricio Santos Nascimento,mauricio,pilgrim,,,,,1,1,2024-12-16 08:50:33-03,2024-12-19 13:00:06-03
23,sandra.teixeira.castro904,sandra.teixeira.castro904@email.com,local,$2a$10$MM7Y35LIwx94F5A.Knz9LuOo/j.cKwiRB12AATl8elcH9cXHFxihi,,,t,f,1,1987-09-28,Female,Sandra Teixeira Castro,sandra,pilgrim,,,,,1,1,2024-12-15 13:12:05-03,2024-12-15 14:13:06-03
43,marcelo.rodrigues.teixeira785,marcelo.rodrigues.teixeira785@hotmail.com,local,$2a$10$MM7Y35LIwx94F5A.Knz9LuOo/j.cKwiRB12AATl8elcH9cXHFxihi,,,t,f,1,1989-08-07,Male,Marcelo Rodrigues Teixeira,marcelo,merchant,,,,,1,1,2024-12-18 13:12:04-03,2024-12-18 07:14:14-03
105,aline.pereira.melo236,aline.pereira.melo236@hotmail.com,local,$2a$10$MM7Y35LIwx94F5A.Knz9LuOo/j.cKwiRB12AATl8elcH9cXHFxihi,,,t,f,1,1983-01-28,Female,Aline Pereira Melo,aline6785,pilgrim,,,,,1,1,2025-01-09 08:00:53-03,2025-01-28 15:22:14-03
73,eduardo.carvalho.martins618,eduardo.carvalho.martins618@email.com,local,$2a$10$MM7Y35LIwx94F5A.Knz9LuOo/j.cKwiRB12AATl8elcH9cXHFxihi,,,t,f,1,1993-05-18,Male,Eduardo Carvalho Martins,eduardo,pilgrim,,,,,1,1,2025-08-24 05:38:19-03,2025-08-24 11:39:42-03
78,fabio.rodrigues.costa728,fabio.rodrigues.costa728@outlook.com,local,$2a$10$MM7Y35LIwx94F5A.Knz9LuOo/j.cKwiRB12AATl8elcH9cXHFxihi,,,t,f,1,1999-08-01,Male,Fabio Rodrigues Costa,fabio,merchant,,,,,1,1,2025-05-26 12:36:43-03,2026-01-03 15:55:33-03
112,vinicius.castro.rodrigues872,vinicius.castro.rodrigues872@outlook.com,local,$2a$10$MM7Y35LIwx94F5A.Knz9LuOo/j.cKwiRB12AATl8elcH9cXHFxihi,,,t,f,1,1998-09-25,Male,Vinicius Castro Rodrigues,vinicius6780,pilgrim,,,,,1,1,2025-03-09 12:07:53-03,2025-03-12 12:21:50-03
111,paulo.araujo.souza964,paulo.araujo.souza964@outlook.com,local,$2a$10$MM7Y35LIwx94F5A.Knz9LuOo/j.cKwiRB12AATl8elcH9cXHFxihi,,,t,f,1,1992-01-23,Male,Paulo Araujo Souza,paulo5836,merchant,,,,,1,1,2024-11-23 10:12:54-03,2024-11-23 07:02:05-03
160,vinicius.santos.gomes371,vinicius.santos.gomes371@outlook.com,local,$2a$10$MM7Y35LIwx94F5A.Knz9LuOo/j.cKwiRB12AATl8elcH9cXHFxihi,,,t,f,1,1980-09-21,Male,Vinicius Santos Gomes,vinicius4517,pilgrim,,,,,1,1,2024-11-24 13:11:40-03,2024-11-24 10:16:53-03
131,joao.dias.almeida161,joao.dias.almeida161@hotmail.com,local,$2a$10$MM7Y35LIwx94F5A.Knz9LuOo/j.cKwiRB12AATl8elcH9cXHFxihi,,,t,f,1,2007-04-04,Male,João Dias Almeida,joao5851,pilgrim,,,,,1,1,2024-12-09 09:51:58-03,2024-12-09 11:14:32-03
141,bruna.cardoso.monteiro980,bruna.cardoso.monteiro980@outlook.com,local,$2a$10$MM7Y35LIwx94F5A.Knz9LuOo/j.cKwiRB12AATl8elcH9cXHFxihi,,,t,f,1,2003-11-29,Female,Bruna Cardoso Monteiro,bruna9660,pilgrim,,,,,1,1,2025-12-31 14:43:51-03,2026-01-08 13:53:11-03
149,daniel.freitas.cavalcanti40,daniel.freitas.cavalcanti40@gmail.com,local,$2a$10$MM7Y35LIwx94F5A.Knz9LuOo/j.cKwiRB12AATl8elcH9cXHFxihi,,,t,f,1,1945-06-25,Male,Daniel Freitas Cavalcanti,daniel1230,pilgrim,,,,,1,1,2025-03-07 14:20:46-03,2025-03-18 06:42:08-03
150,aline.alves.costa482,aline.alves.costa482@hotmail.com,local,$2a$10$MM7Y35LIwx94F5A.Knz9LuOo/j.cKwiRB12AATl8elcH9cXHFxihi,,,t,f,1,1987-07-01,Female,Aline Alves Costa,aline8570,pilgrim,,,,,1,1,2024-11-24 15:10:41-03,2024-11-24 10:43:56-03
151,francisco.pinto.cavalcanti783,francisco.pinto.cavalcanti783@yahoo.com.br,local,$2a$10$MM7Y35LIwx94F5A.Knz9LuOo/j.cKwiRB12AATl8elcH9cXHFxihi,,,t,f,1,2008-07-19,Male,Francisco Pinto Cavalcanti,francisco3282,pilgrim,,,,,1,1,2024-12-24 12:09:34-03,2025-10-30 06:19:15-03
152,lucia.ferreira.pereira49,lucia.ferreira.pereira49@email.com,local,$2a$10$MM7Y35LIwx94F5A.Knz9LuOo/j.cKwiRB12AATl8elcH9cXHFxihi,,,t,f,1,1995-04-27,Female,Lucia Ferreira Pereira,lucia1252,merchant,,,,,1,1,2024-11-12 12:54:35-03,2024-11-12 05:59:56-03
3,renata.carvalho.lima795,renata.carvalho.lima795@outlook.com,local,$2a$10$MM7Y35LIwx94F5A.Knz9LuOo/j.cKwiRB12AATl8elcH9cXHFxihi,,,t,f,1,1991-04-09,Female,Renata Carvalho Lima,renata,pilgrim,,,,,1,1,2024-11-01 07:16:43-03,2024-11-01 08:35:10-03
183,juliana.cavalcanti.monteiro244,juliana.cavalcanti.monteiro244@outlook.com,local,$2a$10$MM7Y35LIwx94F5A.Knz9LuOo/j.cKwiRB12AATl8elcH9cXHFxihi,,,t,f,1,2005-07-24,Female,Juliana Cavalcanti Monteiro,juliana7209,pilgrim,,,,,1,1,2024-11-15 13:19:38-03,2025-05-14 08:47:15-03
199,gabriela.teixeira.castro192,gabriela.teixeira.castro192@email.com,local,$2a$10$MM7Y35LIwx94F5A.Knz9LuOo/j.cKwiRB12AATl8elcH9cXHFxihi,,,t,f,1,1997-12-31,Female,Gabriela Teixeira Castro,gabriela7148,pilgrim,,,,,1,1,2025-04-20 05:34:51-03,2025-04-30 05:05:23-03
210,peregrino10@cora.com,peregrino10@cora.com,local,$2a$10$MM7Y35LIwx94F5A.Knz9LuOo/j.cKwiRB12AATl8elcH9cXHFxihi,,,t,f,1,1996-03-10,Female,Beatriz Souza,beatriz_souza,pilgrim,,,,,1,1,2025-02-11 10:03:40-03,2025-03-09 11:52:33-03
47,fernando.castro.teixeira423,fernando.castro.teixeira423@yahoo.com.br,local,$2a$10$MM7Y35LIwx94F5A.Knz9LuOo/j.cKwiRB12AATl8elcH9cXHFxihi,,,t,f,1,2008-12-15,Male,Fernando Castro Teixeira,fernando,pilgrim,,,,,1,1,2025-10-11 09:05:14-03,2025-11-07 11:07:56-03
182,carolina.mendes.monteiro301,carolina.mendes.monteiro301@outlook.com,local,$2a$10$MM7Y35LIwx94F5A.Knz9LuOo/j.cKwiRB12AATl8elcH9cXHFxihi,,,t,f,1,2002-08-19,Female,Carolina Mendes Monteiro,carolina3818,pilgrim,,,,,1,1,2025-05-08 07:33:25-03,2025-10-28 08:49:07-03
184,natalia.monteiro.rocha29,natalia.monteiro.rocha29@hotmail.com,local,$2a$10$MM7Y35LIwx94F5A.Knz9LuOo/j.cKwiRB12AATl8elcH9cXHFxihi,,,t,f,1,2005-11-18,Female,Natalia Monteiro Rocha,natalia3932,pilgrim,,,,,1,1,2025-07-31 17:52:02-03,2025-08-06 13:46:19-03
186,maria.rodrigues.pereira183,maria.rodrigues.pereira183@email.com,local,$2a$10$MM7Y35LIwx94F5A.Knz9LuOo/j.cKwiRB12AATl8elcH9cXHFxihi,,,t,f,1,1985-02-11,Female,Maria Rodrigues Pereira,maria8001,pilgrim,,,,,1,1,2024-12-22 11:41:57-03,2024-12-22 10:19:59-03
190,fernando.carvalho.cardoso754,fernando.carvalho.cardoso754@yahoo.com.br,local,$2a$10$MM7Y35LIwx94F5A.Knz9LuOo/j.cKwiRB12AATl8elcH9cXHFxihi,,,t,f,1,1991-06-11,Male,Fernando Carvalho Cardoso,fernando6379,merchant,,,,,1,1,2025-06-18 10:39:36-03,2025-07-15 14:35:25-03
192,natalia.melo.cavalcanti934,natalia.melo.cavalcanti934@outlook.com,local,$2a$10$MM7Y35LIwx94F5A.Knz9LuOo/j.cKwiRB12AATl8elcH9cXHFxihi,,,t,f,1,1968-04-01,Female,Natalia Melo Cavalcanti,natalia7297,merchant,,,,,1,1,2024-12-28 15:58:06-03,2024-12-28 11:12:55-03
101,silvia.barbosa.almeida191,silvia.barbosa.almeida191@outlook.com,local,$2a$10$MM7Y35LIwx94F5A.Knz9LuOo/j.cKwiRB12AATl8elcH9cXHFxihi,,,t,f,1,1956-09-12,Female,Silvia Barbosa Almeida,silvia687,merchant,f,,,Um ou mais estabelecimentos inativos.,1,1,2025-01-13 09:11:43-03,2025-01-13 09:33:42-03
106,sandra.costa.cavalcanti871,sandra.costa.cavalcanti871@hotmail.com,local,$2a$10$MM7Y35LIwx94F5A.Knz9LuOo/j.cKwiRB12AATl8elcH9cXHFxihi,,,t,f,1,1982-06-17,Female,Sandra Costa Cavalcanti,sandra5568,merchant,,,,,1,1,2024-12-12 07:48:32-03,2025-04-09 14:28:15-03
107,maria.teixeira.dias261,maria.teixeira.dias261@hotmail.com,local,$2a$10$MM7Y35LIwx94F5A.Knz9LuOo/j.cKwiRB12AATl8elcH9cXHFxihi,,,t,f,1,2001-06-02,Female,Maria Teixeira Dias,maria4555,pilgrim,,,,,1,1,2025-04-01 10:35:32-03,2025-04-14 11:16:11-03
109,adriana.cavalcanti.carvalho723,adriana.cavalcanti.carvalho723@gmail.com,local,$2a$10$MM7Y35LIwx94F5A.Knz9LuOo/j.cKwiRB12AATl8elcH9cXHFxihi,,,t,f,1,1974-06-12,Female,Adriana Cavalcanti Carvalho,adriana4564,merchant,,,,,1,1,2025-08-24 16:08:24-03,2025-09-18 09:40:41-03
140,sergio.melo.mendes651,sergio.melo.mendes651@email.com,local,$2a$10$MM7Y35LIwx94F5A.Knz9LuOo/j.cKwiRB12AATl8elcH9cXHFxihi,,,t,f,1,1971-01-28,Male,Sergio Melo Mendes,sergio5026,merchant,,,,,1,1,2025-03-01 07:59:22-03,2025-03-22 09:58:11-03
211,maria.silva.895@gmail.com,maria.silva.895@gmail.com,local,$2a$10$tn0n/4iGm3KXcb7ZPQXCN.djRYVd3tl5w51/sty8et0zW5/t2u9Ci,,,t,f,1,2002-05-16,Male,Maria Silva Castro,maria.silva.895,manager,,,,,1,1,2025-10-07 14:21:57-03,2026-02-21 23:51:34.348-03
